"marker_id","REF","ALT","chrom","position","MOM1","MOM2","MOM3","P1_O1","P1_O2","P1_O3","P1_O4","P1_O5","P1_O6","P1_O7","P1_O8","P1_O9","P1_O10","P1_O11","P1_O12","P1_O13","P1_O14","P1_O15","P1_O16","P1_O17","P1_O18","P1_O19","P1_O20","P1_O21","P1_O22","P1_O23","P1_O24","P1_O25","P1_O26","P1_O27","P1_O28","P1_O29","P1_O30","P1_O31","P1_O32","P1_O33","P1_O34","P1_O35","P1_O36","P1_O37","P1_O38","P1_O39","P1_O40","P1_O41","P1_O42","P1_O43","P1_O44","P1_O45","P1_O46","P1_O47","P1_O48","P1_O49","P1_O50","P1_O51","P1_O52","P1_O53","P1_O54","P1_O55","P1_O56","P1_O57","P1_O58","P1_O59","P1_O60","P2_O1","P2_O2","P2_O3","P2_O4","P2_O5","P2_O6","P2_O7","P2_O8","P2_O9","P2_O10","P2_O11","P2_O12","P2_O13","P2_O14","P2_O15","P2_O16","P2_O17","P2_O18","P2_O19","P2_O20","P2_O21","P2_O22","P2_O23","P2_O24","P2_O25","P2_O26","P2_O27","P2_O28","P2_O29","P2_O30","P2_O31","P2_O32","P2_O33","P2_O34","P2_O35","P2_O36","P2_O37","P2_O38","P2_O39","P2_O40","P2_O41","P2_O42","P2_O43","P2_O44","P2_O45","P2_O46","P2_O47","P2_O48","P2_O49","P2_O50","P3_O1","P3_O2","P3_O3","P3_O4","P3_O5","P3_O6","P3_O7","P3_O8","P3_O9","P3_O10","P3_O11","P3_O12","P3_O13","P3_O14","P3_O15","P3_O16","P3_O17","P3_O18","P3_O19","P3_O20","P3_O21","P3_O22","P3_O23","P3_O24","P3_O25","P3_O26","P3_O27","P3_O28","P3_O29","P3_O30","P3_O31","P3_O32","P3_O33","P3_O34","P3_O35","P3_O36","P3_O37","P3_O38","P3_O39","P3_O40","P3_O41","P3_O42","P3_O43","P3_O44","P3_O45"
"m1","G","A",,,1,1,1,1,1,1,1,1,1,2,2,0,0,1,0,1,1,0,1,2,1,0,0,1,0,2,2,1,1,1,2,0,2,0,0,1,1,1,1,2,2,1,1,0,0,2,1,2,1,0,0,1,0,2,0,1,1,0,1,0,1,1,1,0,1,2,1,0,1,1,0,1,2,0,0,2,2,1,1,0,1,2,1,1,0,0,1,1,0,0,1,2,0,1,0,1,1,2,0,1,1,1,1,1,1,0,1,2,1,1,0,1,1,1,2,2,0,1,1,0,0,1,0,1,1,0,2,2,0,1,2,0,0,0,1,1,2,0,1,1,1,0,0,0,1,1,1,0,0,1,1,2,0,2,2,0,0,1
"m2","G","T",,,1,1,1,1,1,2,0,0,1,0,0,0,2,0,1,0,1,1,2,0,0,1,1,0,2,0,1,0,1,1,0,1,0,2,2,0,1,1,2,1,0,0,2,2,1,0,0,0,0,1,1,1,1,0,1,1,0,1,2,1,2,0,1,2,1,1,0,2,0,1,1,1,0,1,1,0,0,2,2,1,1,0,1,0,0,2,0,1,1,2,1,0,0,2,1,1,1,0,2,0,1,0,1,2,1,1,0,1,1,0,1,0,2,1,2,1,0,2,1,1,1,2,1,1,0,0,1,1,0,1,1,0,0,1,1,1,1,0,1,1,1,0,1,0,1,0,2,0,1,2,2,1,0,0,1,1,0,1
"m3","T","G",,,1,1,1,2,2,1,1,1,0,1,1,0,2,1,1,0,0,1,1,0,0,1,2,1,1,1,0,0,2,0,1,1,1,1,1,0,1,2,2,0,0,1,2,2,2,0,2,0,0,2,1,2,2,0,1,0,0,2,1,2,1,0,0,1,1,2,1,1,1,0,0,1,1,1,1,1,2,1,0,0,0,1,0,1,2,0,2,1,0,0,1,1,1,1,0,0,1,1,0,0,1,1,0,0,0,0,1,2,2,1,0,1,1,1,1,2,0,2,0,0,0,1,2,1,1,0,2,1,1,2,1,0,0,0,1,1,2,0,2,0,1,0,0,0,2,0,1,1,1,1,2,0,0,0,1,1,0,1
"m4","T","C",,,1,1,1,1,2,1,0,1,2,0,0,0,0,0,2,0,0,2,1,0,1,1,1,1,2,0,0,0,2,0,1,1,1,1,2,0,1,2,1,0,0,1,1,2,1,0,0,1,0,1,0,1,2,0,1,0,0,1,2,1,1,1,1,0,1,1,1,0,1,0,0,0,2,0,2,1,2,1,0,0,0,1,1,2,1,0,2,0,0,0,2,1,0,1,1,1,1,2,0,0,1,1,1,1,0,0,1,2,1,2,1,1,1,2,2,2,0,2,1,0,1,1,1,0,0,0,1,2,0,1,1,1,1,1,2,1,2,0,2,0,0,1,1,1,1,1,1,0,2,1,1,1,1,0,1,1,0,1
"m5","C","T",,,1,1,1,1,2,2,1,0,1,1,1,0,0,0,2,0,1,1,1,0,0,2,2,0,2,2,1,0,1,1,1,1,2,1,2,1,1,2,2,1,0,0,1,1,2,0,1,0,0,1,0,1,2,1,2,0,0,1,1,2,1,2,1,0,0,1,1,0,2,0,1,1,2,0,1,1,2,2,0,0,1,1,0,2,1,1,2,0,0,0,1,1,1,0,1,0,1,1,0,2,2,1,0,0,1,0,1,1,1,0,1,1,0,1,2,2,0,2,1,0,1,1,0,0,0,0,2,1,0,1,1,0,0,1,1,1,2,0,1,1,1,1,0,0,1,1,2,0,2,2,1,0,1,0,2,1,1,2
"m6","T","C",,,1,1,1,0,1,1,0,1,2,1,1,0,0,0,1,1,1,1,2,1,0,2,1,0,1,1,0,0,1,1,0,1,1,2,1,0,1,1,2,0,0,1,1,1,2,1,1,1,1,2,0,0,1,2,2,0,0,1,2,1,1,2,1,1,1,0,1,2,1,1,2,1,0,1,0,0,0,0,1,1,2,0,2,0,0,1,1,0,1,1,1,1,1,1,2,2,0,0,2,1,0,1,1,2,1,1,0,1,1,2,2,0,1,0,1,1,1,1,0,0,0,2,0,0,1,1,1,1,0,0,1,0,0,0,1,1,1,1,1,0,0,0,0,0,0,2,1,0,2,2,0,0,0,0,1,0,0,1
"m7","A","G",,,1,1,1,1,1,0,1,1,0,0,1,1,2,1,1,2,2,2,0,2,2,0,0,1,1,0,1,1,0,0,1,1,0,0,0,2,0,0,1,1,1,2,1,0,1,2,2,1,0,0,1,0,0,0,0,1,2,1,0,0,1,0,2,2,1,2,0,1,1,2,1,2,0,1,2,0,0,0,2,2,2,0,1,0,0,1,1,0,0,1,1,0,2,1,1,1,0,0,1,0,0,0,1,1,1,1,0,1,1,2,1,1,2,1,0,0,2,0,0,2,2,1,0,2,0,1,0,0,1,0,1,1,1,1,1,0,0,1,0,1,2,0,1,1,1,0,0,1,1,2,2,2,1,1,2,1,2,0
"m8","C","A",,,1,1,1,1,1,0,1,2,0,0,1,2,0,1,1,1,2,2,1,1,2,1,1,1,0,1,2,2,1,1,2,2,0,1,1,1,0,0,0,2,2,2,1,1,0,1,1,1,0,1,1,0,0,0,1,2,2,1,0,0,0,0,2,1,2,1,0,1,0,1,2,1,0,2,2,0,1,1,2,2,2,0,1,1,0,1,1,0,0,0,0,0,1,0,1,1,0,1,2,0,0,0,1,1,1,1,0,1,0,1,1,0,1,1,0,0,2,1,1,1,2,1,1,1,1,1,0,0,1,1,0,2,2,2,1,1,2,1,1,1,2,1,1,0,1,0,0,1,0,0,1,1,2,1,0,1,2,1
"m9","G","A",,,1,1,1,0,1,0,0,1,1,0,2,1,0,1,0,1,1,0,0,1,1,1,0,1,1,1,1,2,0,0,1,2,0,0,1,1,1,0,0,1,2,2,1,0,1,2,2,1,1,1,1,0,0,1,0,1,1,1,0,0,0,1,1,1,1,1,1,2,2,2,2,1,0,2,2,0,0,1,1,1,1,0,2,0,0,2,0,0,0,2,0,0,1,0,1,1,0,0,1,1,0,1,2,1,1,2,1,1,0,1,1,1,2,2,0,1,1,1,2,1,1,1,0,1,2,1,1,0,2,0,1,1,1,1,0,0,2,1,0,1,2,0,1,0,1,1,0,0,1,0,1,2,2,1,0,1,1,1
"m10","C","T",,,1,1,1,1,1,1,0,2,2,2,0,1,1,1,1,0,1,2,1,1,0,0,2,1,0,2,1,0,2,1,0,0,1,2,1,1,1,1,1,1,0,0,0,2,1,1,0,0,0,1,1,1,1,1,1,0,0,1,1,2,2,1,1,2,1,0,0,1,1,1,2,1,1,2,2,1,1,1,2,1,1,0,1,1,1,2,0,1,0,1,1,1,2,1,1,1,1,1,0,1,1,0,2,0,1,2,0,1,0,2,1,1,2,0,1,0,0,2,0,1,1,2,2,1,1,0,2,1,1,1,2,0,1,0,2,1,0,0,2,1,0,1,1,1,1,1,1,1,2,2,1,0,1,1,2,1,0,2
"m11","C","T",,,1,1,1,1,2,1,0,1,1,1,0,1,2,0,2,0,1,2,2,2,1,0,1,1,0,2,0,1,1,1,0,1,1,1,1,1,1,2,2,1,1,0,0,2,1,0,1,1,1,2,0,2,1,1,1,0,1,1,1,1,1,1,0,1,1,0,1,2,1,1,2,1,0,2,1,1,0,0,2,1,1,0,1,0,1,1,1,0,0,1,0,1,1,0,1,1,0,0,0,0,0,0,1,0,1,2,0,2,1,2,2,1,1,1,0,1,1,1,1,2,1,0,0,2,1,2,0,0,2,2,0,2,1,2,0,0,2,1,0,1,2,1,2,0,0,1,1,1,1,1,1,1,1,1,0,1,0,0
"m12","A","G",,,1,1,1,0,1,0,1,0,0,0,1,0,0,1,0,1,2,0,0,0,1,2,0,1,1,1,1,2,0,1,1,1,0,0,0,1,1,0,0,2,2,1,0,0,0,1,1,1,1,0,1,1,0,2,0,2,1,0,0,0,0,0,1,1,0,1,1,0,1,0,2,0,1,1,0,1,1,2,0,2,1,2,1,2,2,1,1,1,0,0,1,1,1,1,1,0,2,1,1,1,1,1,0,2,0,2,1,0,1,0,0,2,1,2,2,1,2,1,1,2,2,1,1,1,2,2,1,1,1,1,0,1,1,1,0,0,1,1,1,1,1,0,1,0,0,0,1,0,0,1,1,2,2,1,0,2,0,1
"m13","T","G",,,1,1,1,1,1,1,0,1,1,1,0,1,2,0,1,1,0,1,1,1,0,0,1,0,2,1,0,0,1,1,1,1,1,1,2,1,2,1,1,1,0,1,1,1,2,1,0,0,0,2,0,1,2,0,1,0,0,2,0,1,1,2,0,0,1,1,0,0,2,0,1,0,1,0,1,1,2,1,1,1,0,2,1,2,1,1,1,1,0,2,2,1,0,2,0,1,1,1,2,1,1,1,2,2,0,2,2,1,2,0,1,1,0,1,1,0,1,0,1,1,1,0,2,1,1,1,0,1,2,2,0,1,2,2,1,1,1,2,1,2,1,0,1,1,1,1,0,1,0,2,2,1,1,1,1,1,1,2
"m14","G","A",,,1,1,1,2,1,0,1,0,0,0,1,0,1,2,1,2,1,1,0,1,2,2,0,2,1,0,1,2,0,1,1,1,0,1,1,0,0,0,1,1,1,1,1,1,1,1,2,1,2,0,2,1,1,2,2,1,1,1,2,1,0,0,1,1,1,1,1,1,1,0,1,0,1,0,0,1,2,1,0,1,0,1,0,2,2,2,1,2,0,2,2,1,1,1,0,1,2,2,2,1,2,1,2,1,1,1,2,0,1,1,1,2,0,0,2,2,2,0,2,1,2,1,1,1,2,1,1,1,1,2,0,1,1,2,0,0,1,1,0,1,1,1,1,0,1,0,1,1,1,2,2,1,2,2,0,1,1,1
"m15","G","C",,,1,1,1,1,0,0,1,1,0,1,2,0,1,2,1,2,1,0,1,2,1,1,0,2,0,1,1,2,1,0,2,1,1,1,0,1,1,1,2,0,1,2,1,0,1,1,2,1,1,0,2,0,0,1,0,2,2,1,2,2,1,1,1,1,0,2,1,0,2,1,2,0,1,0,0,2,1,1,0,1,0,1,0,1,1,1,2,1,0,1,1,1,0,2,0,0,1,1,1,2,1,1,1,2,0,2,2,0,1,0,0,1,0,1,2,0,2,1,1,2,2,1,1,2,1,2,1,1,2,1,0,1,2,2,0,1,1,1,1,2,2,1,1,1,1,0,0,1,0,1,1,1,1,1,1,1,1,0
"m16","G","A",,,1,1,1,2,1,0,1,1,1,1,1,0,1,1,0,1,2,0,1,0,1,1,0,1,1,0,1,1,0,0,1,0,0,0,0,0,1,1,1,1,1,1,0,0,0,2,2,1,2,1,2,1,1,1,0,2,1,0,2,1,1,0,1,2,1,0,0,1,1,1,1,2,0,2,2,0,0,0,1,0,1,0,1,1,2,1,0,0,2,0,1,1,2,0,1,1,1,1,0,1,0,0,0,1,1,0,0,1,0,1,1,0,1,1,2,1,2,0,2,2,2,1,1,1,2,2,0,0,1,1,0,1,1,2,1,0,1,1,0,1,1,0,1,1,1,1,0,1,0,2,1,0,1,2,0,1,1,0
"m17","A","G",,,1,1,1,0,1,1,0,0,2,2,0,2,2,0,1,1,0,1,1,1,1,1,1,0,1,2,0,0,1,1,1,1,2,2,1,2,1,2,1,1,0,0,1,1,1,0,1,0,0,2,1,1,1,0,1,1,0,2,0,0,1,1,1,1,1,1,1,1,1,2,0,1,1,2,1,1,0,1,2,1,1,1,1,0,1,1,0,0,1,0,0,1,2,0,1,2,2,0,1,1,1,0,1,1,2,0,0,1,0,2,2,1,1,2,0,0,2,0,1,2,2,1,1,0,2,1,0,1,1,0,1,1,2,1,0,0,0,2,0,1,2,2,1,0,1,1,0,1,0,2,2,0,1,1,1,2,0,0
"m18","G","C",,,1,1,1,1,1,2,0,0,2,1,0,1,2,1,1,0,0,2,1,2,1,0,0,0,1,1,1,1,1,2,1,2,1,2,2,2,1,1,1,0,1,0,1,0,2,0,0,1,1,1,0,1,1,0,1,0,1,2,0,0,1,2,0,0,2,0,1,2,1,2,1,0,1,2,1,1,1,0,2,2,1,0,0,0,1,0,1,2,1,0,1,1,1,0,1,2,1,1,1,0,0,0,2,0,1,0,0,1,0,1,1,1,1,1,1,0,2,1,2,2,2,1,1,0,2,2,0,1,1,1,0,1,0,2,0,0,0,2,0,1,2,2,2,0,0,2,1,0,0,2,1,1,1,1,1,2,0,0
"m19","G","A",,,1,1,1,1,1,1,1,2,1,1,1,1,0,1,0,1,2,0,1,1,1,1,1,1,1,1,1,2,0,0,0,0,1,0,0,0,0,0,1,1,1,0,0,2,0,2,2,1,1,1,1,1,1,2,0,1,0,1,2,2,1,1,2,1,0,1,2,0,2,0,1,1,1,0,0,0,2,1,0,1,0,1,1,1,0,1,1,0,0,2,1,1,0,1,1,0,0,2,1,2,1,1,0,1,0,1,0,0,1,1,0,2,2,1,1,1,2,1,1,1,1,1,1,1,2,2,1,0,2,1,0,1,1,2,0,0,0,0,2,1,1,2,2,1,0,2,1,1,0,2,1,0,1,1,1,2,1,1
"m20","T","G",,,1,1,1,1,0,1,1,2,0,1,1,1,0,1,1,1,1,1,1,0,2,2,1,1,0,0,2,1,1,1,0,0,0,0,1,0,0,0,1,1,2,0,1,1,1,1,1,1,1,0,1,1,1,2,1,1,1,2,1,1,1,0,1,0,1,0,1,2,0,1,1,1,0,1,2,0,1,0,2,1,2,0,0,1,1,0,1,2,1,0,0,1,1,0,2,1,2,0,1,0,0,1,0,1,2,0,2,1,0,1,2,1,1,2,1,1,1,0,1,2,1,0,1,0,1,2,0,0,2,1,0,1,1,1,0,0,0,1,2,2,2,1,1,0,0,1,0,0,0,1,1,1,2,1,0,1,1,0
"m21","G","T",,,1,1,1,1,0,0,2,1,0,0,2,0,0,1,0,2,1,1,0,1,1,2,2,2,1,1,2,2,1,0,1,0,0,0,0,0,0,0,0,1,1,0,0,2,1,1,1,1,1,0,1,0,0,1,0,1,0,0,1,0,0,0,1,1,2,0,0,1,0,2,0,1,0,2,2,0,0,1,1,1,1,1,1,0,1,0,1,2,2,1,1,2,2,1,1,1,1,1,2,0,2,1,0,1,2,1,1,2,2,2,1,0,2,1,1,1,0,1,0,1,0,1,1,1,1,0,2,0,1,1,2,1,1,0,2,2,2,1,0,0,0,0,0,1,2,0,2,2,1,0,1,1,1,0,2,1,1,1
"m22","T","C",,,1,1,1,2,0,0,2,1,0,0,2,1,1,2,0,2,1,1,1,0,1,1,2,2,0,0,2,1,1,0,0,0,0,0,0,0,1,1,1,2,1,0,1,2,0,1,1,1,1,1,2,1,1,2,0,1,1,1,1,0,0,0,1,1,1,0,0,1,0,1,0,1,0,2,1,0,0,0,2,1,1,0,0,1,1,1,0,1,2,0,1,1,2,0,1,0,1,0,2,0,1,0,0,1,1,1,2,2,0,2,2,1,1,1,0,0,1,0,2,2,2,0,1,0,2,1,0,2,1,2,1,2,1,1,1,0,0,0,2,2,2,1,1,0,1,1,0,0,0,2,2,0,1,1,1,2,1,0
"m23","C","T",,,1,1,1,2,1,1,2,2,1,1,2,0,0,2,1,2,2,1,0,1,1,1,1,2,0,1,2,2,1,1,1,0,1,1,1,1,1,1,0,2,2,1,1,2,0,1,1,2,1,0,2,0,1,1,0,0,1,0,1,1,0,1,1,2,2,2,1,0,2,1,2,2,1,1,0,1,2,2,1,0,1,1,1,2,1,1,1,1,1,1,1,0,0,1,0,1,0,1,0,2,2,1,0,1,1,2,2,0,1,0,0,1,0,0,2,1,0,1,0,1,1,1,2,2,0,2,1,1,1,0,0,0,0,1,1,1,1,2,0,0,0,1,0,1,1,0,2,1,1,0,0,1,0,0,1,0,0,1
"m24","G","A",,,1,1,1,1,1,0,2,1,1,1,1,1,1,1,0,2,1,2,0,0,1,1,2,1,1,0,1,1,1,1,0,2,0,0,2,1,1,1,0,1,1,0,0,2,1,1,1,1,1,0,2,0,0,1,0,0,0,0,1,1,0,2,1,1,1,2,1,1,2,1,1,2,2,1,0,2,2,2,1,1,1,2,1,2,2,1,1,0,1,1,0,0,0,2,0,2,0,1,1,1,1,2,1,2,1,2,2,0,2,0,0,1,2,0,2,1,0,1,1,1,1,1,2,0,0,2,2,0,0,1,0,0,0,0,2,1,2,2,0,1,1,1,0,1,2,1,1,1,2,1,1,2,0,0,2,0,1,1
